.gitignore	b45e6245f0c729c36fd5bb0d150e6c75e63836490177d964cd2c3ab858ecfc98
MEWCODE.md	f45ca3616774a67387656bab7e2895d718ce16213119990b0facc00244682e92
mewcode/__init__.py	01ba4719c80b6fe911b091a7c05124b64eeece964e09c058ef8f9805daca546b
mewcode/__main__.py	e2954205d468d488cbb2ef5938edeca8acdd6bae4c541bebab3cfed50277568c
mewcode/agent.py	bce1bc58bb2a781ef870180da51c98b6c355b806dffed9f720a50f274b61d4cd
mewcode/agents/__init__.py	3822efa6cf117caa9d88282e26af5f5914f17fcd1248bcc5388c2a33a946bb12
mewcode/agents/builtins/__init__.py	01ba4719c80b6fe911b091a7c05124b64eeece964e09c058ef8f9805daca546b
mewcode/agents/builtins/explore.md	7280798d56b7dc8f76aef6faf1476cafeff8d367670510ae589863a1b7c95a6e
mewcode/agents/builtins/general-purpose.md	a2e77e9eb91ab3c792c15b4f5c8d355bf7641e9fe33f1f9bbaf87d544df3bd56
mewcode/agents/builtins/plan.md	f6f7f8e5f5353479bff9325d7b48d1b88236d8941a9db2d037fb1565c692ef02
mewcode/agents/builtins/verification.md	b55b15d09ad8f0dd569fa80fdec1de093013f4e09ab0133d7af0fa3fcb0f53bf
mewcode/agents/fork.py	1d7b86ee7ce6c8a7450a1278bae80e4010f9cf8d45ef9d5789091d92f39f4bfb
mewcode/agents/loader.py	eec0372ac9e6f07d31cce7eb73a982e7ee21a1d4b71af2ba3e2fe51c604117b7
mewcode/agents/notification.py	db89e1fca1bd9312825937891b31ed6d4730d41f7ac14718ff2c6b1b22135979
mewcode/agents/parser.py	51a96809d2ce79d5dbe5b22a9bed9a308f371a7126d3291e49793e646b16f71f
mewcode/agents/task_manager.py	362226d54c6074724dcfb0a2dd089471484c24e39766c95c28201c7600b890f5
mewcode/agents/tool_filter.py	bddea35507ce579a6298c48d2083b1327460177f5eec25fce9f08846326ce994
mewcode/agents/trace.py	37910ea12bc36935a61a95199d46b0192d94b8eb90b377790e7cd5208f160db8
mewcode/app.py	1770063b9e81679649052636ccb9e748cf484fb68e39781ac585f5113e8bf39f
mewcode/askuser_dialog.py	d95dd8596bbaff520b3dca57aef80078de6522bbc2fbd0b28fece8882d758c0e
mewcode/cache.py	2c6de99b810f5bf880ceb6906555b1e289ee5ff286462b3b6dd5f3e2efeaddcb
mewcode/client.py	ade994a925c3168d0ad4aab4e7163055a7e4c85c4bc3918856acaf8665e0b219
mewcode/commands/__init__.py	5db5ae26bf98aa99a5553350b8b1f488a2e258048aee5e3e763d3d33f0affb1a
mewcode/commands/completion.py	fe1be4e4491c000073ed6872467f447c15b2e5c263245a659c9d842ec64ecdf8
mewcode/commands/handlers/__init__.py	8660d2f8150b6c9f2f647416fbe285b8de6871f2573ddd7ff0b6a52bd4beeee8
mewcode/commands/handlers/clear.py	73416054bc3bde60dcb6d35ece77c465ee7935a5330ca653a7400808178cf63f
mewcode/commands/handlers/compact.py	1232b73b30c8e92e06539872ba1f1aae4b202bb97a90ceff92565904f9da2bec
mewcode/commands/handlers/help.py	b9dd737c1226f5040b30ad9b3eed6fbf8ce1b0951a361993b6e4baf862142073
mewcode/commands/handlers/mcp.py	baa162e05a7ac562752707b363cc887d0e008cac0dad1b232fc3a5a58d5034d2
mewcode/commands/handlers/memory.py	59d86cfa03c355788932962d829d62a83b68211725b8f0bd91c08472f20d38ec
mewcode/commands/handlers/permission.py	fd085f7ca994a4da9c6d2fd8d1d86c0f8a4e6dcf46a921b7fd7b4a6fb4537a12
mewcode/commands/handlers/plan.py	68e0e1613b3801c785d36c482116bb2a09111975dfd152a0819ea546abbedf92
mewcode/commands/handlers/review.py	5eb749d03e359d72af05b847a20880700ab3369aec9fc40857c9a83433c09a79
mewcode/commands/handlers/rewind.py	28782cdb1494291799cba5e25aa6aead4b2ced289f6482a0f77536d2f28f239c
mewcode/commands/handlers/session.py	d60014f9743f16fd2546dd8910a0d3b92e4792ad7b8bdaf7abb44e00b30958ea
mewcode/commands/handlers/skill.py	eaa2d3c1ad912211b45f27bbae0ee30a1b0698fb686d59c79b3d13f0013aa7ea
mewcode/commands/handlers/skill_register.py	949f4e8208a204d3e232be8cfd4dae2c3a7830f16ee4e34c729893a9cf1a9fe9
mewcode/commands/handlers/status.py	facce23cd732cf6f669e6cc734b760c7772d51f62e79b6345de55ebaf0a58546
mewcode/commands/handlers/tasks.py	3501f07897ef7218b917b520bdbedb4a9a9a0d2185353df0c81cca0eef12454d
mewcode/commands/handlers/trace.py	a1a09ede898a5b8619dc7344cf0bcdf133ede6f3854cd6a41d9edfd5f58999cd
mewcode/commands/handlers/worktree.py	eba29d89876ebe95fa6d1a37b4707389714e36e7febb96b769644d95c9827b68
mewcode/commands/parser.py	d6500e01ad45718c26062f81bc3c3424cb705b77cca72d2d70a31cb46af0c805
mewcode/commands/registry.py	1d2e072372ff5d6d76b903ef56410e1be39f9fdd1668983377f9743edd668b7b
mewcode/config.py	f8b9805967ce95548b226fd2006eae6bdc52edc6b3d4ebb65d42ae459fa3241c
mewcode/context/__init__.py	96dc1511f1865b0343c5acf532f6e3210567916010462ca4db0471c5e2f22a4b
mewcode/context/manager.py	0d6c182013fb5680a4f3c645ba51d2208c0cbf420fb4d50b976a8b3077ab62cd
mewcode/conversation.py	8f24d3be98e1f3aea53cbfd68b573478d194d796cb6a389e9dcbe5f9247e4efe
mewcode/driver.py	17a57a5adcaebc222206fbf2e04583f796a259182892adb1949ccfd845605a31
mewcode/filehistory/__init__.py	011fb5a8ec6b62fd054521d113a83a5208f6bca1cf21093247b7a06f0fa5149d
mewcode/filehistory/history.py	bf6747685ac2eef6a9f7efd235e21fc76a344287832815d3f03c8329a85f24ce
mewcode/hooks/__init__.py	d90dd5b59094482cf7762c81c3e6c5326807f91a5aa9d5914fafc887f6050ab1
mewcode/hooks/conditions.py	34238d439dba86c165290682ccb61581ca8b9d69fb23d1c72d5dc746bf9e0445
mewcode/hooks/engine.py	6487478a5736f770df00ec3eb966265d23182d47549e9dce4a6d6d96e564b58b
mewcode/hooks/events.py	7b4185792a5d90f877d918a6137dec85c55ec96225fac12c244640c6879e8446
mewcode/hooks/executors.py	cc8a6caa09045ffb0ca37cb813e4cad7ce195f8509afac442e1cb8da7ca5eb98
mewcode/hooks/loader.py	7f3f8c3ea44dca3cd5d1e3a23ef3068f1a5b9ef8a261e62c583cdc82758b135e
mewcode/hooks/models.py	30ef067ce7123fe1e53840c56afc8d24a5326a94b22e01e8082a58200e40f650
mewcode/mcp/__init__.py	65eb12951b897d407c94f944e3ef4d26d853ad68420ef219c332fbc50cdde375
mewcode/mcp/client.py	e8d0003fc678fd47ee8f67df3462ad576616a7b3fe10cfce52391ab9723d0d2f
mewcode/mcp/manager.py	59856cd8505c9df2a027469e55566424128a53c3124927b71be8649a7abe2efb
mewcode/mcp/tool_wrapper.py	405cf28f6b9e085026925987a1a556fda3a81914c9ffa48443b98d94c8fcc54b
mewcode/memory/__init__.py	2f5d6ebcb972b84eee379de562efda075a6e14ffc7a355c08e46417d3f82e424
mewcode/memory/auto_memory.py	73fe32e6af5796fd1a44478c7049e63bf00c62d8ed33e5186dd735d1983fe7df
mewcode/memory/instructions.py	a25694e90be8585a1a02c65162c42903202bf7f0b309b5a6813a924241aa3d65
mewcode/memory/recall.py	9fdc27bdff7afcfe21a7ce5376f18de759d7becf19460d0da2cbc713ad85576a
mewcode/memory/session.py	c9a327dfc08e49577392b266a0503548e9b85c3c605663c9f72fc7329710d70d
mewcode/permission_dialog.py	e52b6ab86e647475c2837adddbf0a2a0ec3178d34fbcba1b9abe5a7d9e1af83c
mewcode/permissions/__init__.py	92643d52ec3b840bf15bc0849da997c301170a8231b977e11db6aa607dac9aad
mewcode/permissions/checker.py	d3f63a9208e2c0d518f4fa7e9cef7590fd5e830bde841bfbbd36a75b12f7d36c
mewcode/permissions/dangerous.py	6af338d483f108e620cc4d59c6412dde76184d7f628fa8a25dea899e8cf55e2a
mewcode/permissions/modes.py	bcb2901cd37e9c8b18ce6547b1d198541689dbcaa960b872ce32e00c7860b491
mewcode/permissions/rules.py	61bb105c49d1d0cea279d518e5a2a0c86d33c02b1c1353e7a15183153b373854
mewcode/permissions/sandbox.py	9bf5090d18442e184fc7a230b55eeed9aad4a90f9dd75d4ced70ca94406b9318
mewcode/plan_dialog.py	07920140a73ef7c05ddc440835df8fabcda69937bd41bb9f2675431cb485eec3
mewcode/prompts.py	e8b9ab475604d2a2903f9bcbe807af3edcbf8d15e2f6329a10b3e5c6c6016589
mewcode/serialization.py	a4b877cee7e770a69fdfe16aa1ca37a5deb075c82aade45e0e7dd222fe44f5f6
mewcode/session_dialog.py	4a1dfd8244612a442beb5212eaef6ed251a7842498340238bf7935734ca0d1a0
mewcode/skills/__init__.py	e90e4190203c655b1f88315d7a5f151adbc4ed68671cc3b5a0f342321f50d798
mewcode/skills/builtins/__init__.py	01ba4719c80b6fe911b091a7c05124b64eeece964e09c058ef8f9805daca546b
mewcode/skills/builtins/backend-interview/__init__.py	01ba4719c80b6fe911b091a7c05124b64eeece964e09c058ef8f9805daca546b
mewcode/skills/builtins/backend-interview/references/parse_resume.py	10240aa9cd8744e153ab72e588af5c06d2c250f9788231754a3c91519e9f53f0
mewcode/skills/builtins/backend-interview/SKILL.md	a49520d25c6fbb28fb8b689d5f25d96275c56dcb3d292281f78c1d520ae4d899
mewcode/skills/builtins/backend-interview/tool.json	7eee6390e4386ab241fe36f09de757c743b542c92205725d60464349fc9b7ebf
mewcode/skills/builtins/commit/__init__.py	01ba4719c80b6fe911b091a7c05124b64eeece964e09c058ef8f9805daca546b
mewcode/skills/builtins/commit/SKILL.md	944aba323e35b679e9d748eb178733cdffa0266845e5fc05578b26cceed33683
mewcode/skills/builtins/review/__init__.py	01ba4719c80b6fe911b091a7c05124b64eeece964e09c058ef8f9805daca546b
mewcode/skills/builtins/review/SKILL.md	0a76cd452bc226feb6691c41f2d63d31349487c6b9eb78e7e2827aee2aa71642
mewcode/skills/builtins/test/__init__.py	01ba4719c80b6fe911b091a7c05124b64eeece964e09c058ef8f9805daca546b
mewcode/skills/builtins/test/SKILL.md	d42cb0a885af511d86b08b93b4a65c490c9efbc670d26ac22efc8357ee08d46b
mewcode/skills/directory.py	8b351b52de302f7f7a4ae70355a55e72c1b13ab4c1b12b8991cd50b71196dd5f
mewcode/skills/executor.py	8f38f481b0a22e60078f9015f56861ee4126ecafe4923b9481c3e128b93404bf
mewcode/skills/loader.py	08d3eb02577bb983d7cbc822365747fc308f206d1a44b6a949cc2c6da6cbaa01
mewcode/skills/parser.py	c9740ad66d0ef46d5ecc276fb1022d18ce69473ea92f8d091ade6a4602a4cf92
mewcode/styles.tcss	bef599b42c5e490a7a7d5fd6f923910fb3163f7b1ee5f7e16ec4e515b346c826
mewcode/teammate_tree.py	057b8170d25d4dcdf169f72736e2c38ca44afcf1704d6fa3af79e05e7d559d61
mewcode/teams/__init__.py	d3251db6b63efb678931fa5ec68b03f1e8e5a2914aa5ef5110613b31686bba69
mewcode/teams/backend_detect.py	d3301b96024b27e24a42828a758ca2b7ac2d3414ad7a54a8b9fd5a087da2edbb
mewcode/teams/coordinator.py	15e9e8d3651f9795bfbe18d303c95c0b0363b4a5c68e4f15ea1a76e59afea923
mewcode/teams/mailbox.py	ef4b035bdf7ddd19382872db722724b048d6859c9a46541549e559c26b366947
mewcode/teams/manager.py	ac25799f2a2b6fbb787df9b376e0b10f1a38a50b2273792132214415ec17d923
mewcode/teams/models.py	4303194758445932106d3a7d985c2c54fde1b1c9654be9e46f8479ae609370fb
mewcode/teams/progress.py	07e72e799bd99dda83aebb079e6379a29d22cfd91d90c91e303b89d01a7360a2
mewcode/teams/registry.py	04cd92f7768f97f955182c89275662daddfd969de7d1520dc760e68bef53b38d
mewcode/teams/shared_task.py	1a2a0ee9cc0b4b6a5b8d329f550941b09ded3b62a74068d35c2d3c24e95e68c0
mewcode/teams/spawn_inprocess.py	49c23574c9587bbdf96dd15d8f70e50d559e9c2d8c5c118ac4225405c20d2196
mewcode/teams/spawn_iterm2.py	ee3e12eafe8735344bc1f9e19d513c9d61d1b49235b6d4960edf8da612b2653c
mewcode/teams/spawn_tmux.py	fa192db3e6938c28abd43f9190e1188f949a8363038af894f22492dda3e6f880
mewcode/teams/transcript.py	276d966a52446d5852d067728f7cbcfe8a1fda10cc544eb5c972d760bb28577f
mewcode/tools/__init__.py	f264ef88fb68e2a0c90cab8625e27b12b9b47f06170c9c63b30946b4ac99fff3
mewcode/tools/agent_tool.py	93291f5f9612baba78a0aa110d8b8b35627c3f131ef89a072e1ce572d150f4ce
mewcode/tools/ask_user.py	9c28fe6757208c66ee23b7d9f650ee930b09efe5ffdc55da9c9bd30c9ddbe0c7
mewcode/tools/base.py	24e756e85262d1caa4917bf8a26a4333bf603c7ffd4d47821f82c2a2b69186ac
mewcode/tools/bash.py	78be9f8119012685009632616e141eefa9657bed8d71737eca497907a1caff7a
mewcode/tools/edit_file.py	4c73e1281d45a4775e6f2ad5e257010cd7ac85bf4d131df0b26194b942cdc426
mewcode/tools/enter_worktree.py	b2b6a2526432158dfed41e2a657ade95f0ce514c6f70907ca22f35e622771421
mewcode/tools/exit_plan_mode.py	8f4785f7ab7e3c08d72129e94fece8bee4752d4d886275b67416e62ad23f10d2
mewcode/tools/exit_worktree.py	2a811326a43fe7a020f62298f1e0bbba94174230334ac8b50ccdc1eb0f38e44a
mewcode/tools/file_state_cache.py	ea6b5a32a1a7f5f20e499fcef57c2aabdf41b768788e42202b76c7922f8fb95e
mewcode/tools/glob.py	9cd379b467f8bec5674f50c613eacb4e12f0175a7d16125856694e5d23fec8ac
mewcode/tools/grep.py	3b729926e5b4faf58e56707aaf2c329bb24231d676194cd1ea05b596c96b9e30
mewcode/tools/impl/__init__.py	01ba4719c80b6fe911b091a7c05124b64eeece964e09c058ef8f9805daca546b
mewcode/tools/impl/tool_search.py	ae18f55d0d4f0e1a3c70d5fb0cab79ca802d9386022d29a612afc0af939c45c0
mewcode/tools/load_skill.py	8bc6fc3fe895452a2dd802ab6e8caeea08e73354983fe3e2f1b2be2ed82cbaf8
mewcode/tools/read_file.py	890a1235027565d933917d6dae124734ddc31915aaa2040d94a3d159c9866d93
mewcode/tools/send_message.py	a4f00bf1f25b9f21df3a68725da9547198233f329da2e244d1ccc76e1c684c7e
mewcode/tools/synthetic_output.py	8d4846ca7d3d51873cecd5e6a5161e51eb9df62bd19aeb89e32d42bfcb7afcdd
mewcode/tools/task_create.py	acff4d1b5c9fcfa06db74a695c9e87030624afbbd4b8992f99c4ce1d9c857b9a
mewcode/tools/task_get.py	551f0d63427f02b05c124dadbe17056fd9d24a8ec9c1c35b0cf4d81c73d8eaeb
mewcode/tools/task_list.py	20dde26191580b99c56041233cc5680f70b0c81970573ba0dd06e241706818d8
mewcode/tools/task_update.py	2e9389b61288f507d5427c110a7984886b65c31030ecd1683dd48fb7055d912d
mewcode/tools/team_create.py	28aeae6c3bbb721532b357112a2cf59f02376b197ef062db6d3549c7c10b8e09
mewcode/tools/team_delete.py	867cc27b4533c5bd99084bd1f62986c366b3ecf4210161c0aed02bb57277c644
mewcode/tools/write_file.py	246be14df9ceef759d4e39d561f665ad8c014c6baaf185eed8a36739ebfeaadc
mewcode/validator.py	c054a427950a8afc4a213571834fff3f33d498936d7aa5b2f23285d78cdf60ba
mewcode/worktree/__init__.py	a666a6e283e4915ed95f776e8dee2046ec3c2bb7d48e29b2faad49e088aeef19
mewcode/worktree/changes.py	c20d81f5cd6f9c29f61b782d0a6081bf8bb75c755b417afa0e17e650d879f0d2
mewcode/worktree/cleanup.py	948f34c90ed124ee5d888b2a681ee902a15a081efa83b7c5bca7d8414d223f7c
mewcode/worktree/integration.py	ae0d13cae842732c6ce7b967e00bf93a9777098b1fd6529651cb5a65d840750a
mewcode/worktree/manager.py	7f8d4cb2770c6be89c88065961d4d24e3a56bec18b6e42c18ff616bd9eecf0b2
mewcode/worktree/models.py	d335d4c648ccefd6b36da13ce6a43dfee9a2fd17552d847116e495c4f86e88e6
mewcode/worktree/session.py	7bddcf57d086464816e7d558551c7861a79c240bd8ab2db8c1cf24b0536e772c
mewcode/worktree/setup.py	2d3b0d279ba3f84fdf7ad0533943e99ce206968ed308dee958bd0d6694bbe87c
mewcode/worktree/slug.py	d4e545ca02cbe57f92e2826370903357eeec28bc22a0ff49ec47dbffc7dbf00c
pyproject.toml	6faba93ccf8fba2610314d32388150ffba13a7b668054164c02d09b7178ac0a7
README.md	4355a46b19d348dc2f57c046f8ef63d4538ebb936000f3c9ee954a27460dd865
tests/test_agent.py	6313ffba2425ccb1113b371389e257ef3d301fcc0f3f164371615dbd8a4617d0
tests/test_commands.py	2b031cbd509121ae93eddffa211430ed6e8522b6c42654f25c3644ed969f3f5a
tests/test_context.py	a842df170a7beace88a85bf23605f73c929a1576b3ad97ebc6899fd4839e1d1f
tests/test_context_window.py	84697a6bebf120dbf57c1100960fe1990460387ca35229d8cf0112d4b34aa814
tests/test_hooks.py	cacd7d47353ea585e066b568868ce9a6e3600f3d3c47685013390460cc5b98e2
tests/test_mcp.py	e11213361d1a802410dddedf75393f04c58cfe194baaec0460e2911063db5585
tests/test_memory.py	6b84abf05bf81f66c01511675af980f1c0c3120543b1d07c2a14542d68a18887
tests/test_permissions.py	12a2d3141d226302d7583b04342b2da06b001b866dedb47b678aead6504751bc
tests/test_recovery.py	7b4b301a732e0ead0609cc022979e770a44802b669e0f10fe9a4e261c1fd3039
tests/test_replacement_state.py	f6c95ac06ff5716b0e3e930ba9fbf7ec3d18ea60f9dc05ee292081c3f0d3c640
tests/test_serialization.py	a4da1a07d20332427a906dcf8ee1b15b3c979cb4ea965f70a71625d0bbe2f133
tests/test_skills.py	e9269ce82a78e0474734e7a4764ff2f431918a535252c3ad17fc1fb4c3fe8e9f
tests/test_subagent.py	8e1b6c667e8a9df2ee51dfe9d56357677ef6e9ccd266ac729b168e3154e574a6
tests/test_teams.py	db311e626e58a4fefa297e0999199a7935d2cc44e214c940f7fcf60315be2fc7
tests/test_tool_search.py	fe21411f3400b7aa2940cd01f9068da5b0c40ed64cc01bb2055dc5a7cadb61ee
tests/test_worktree.py	30017d567edbdc07a177f1573ed1f95a7ef587cde2a99b986d1e807fc7f156c5
tests/verify_subagent.py	6d6062d90d1c4c9b88fec86ca79e2c411c9bbb7559c82a8751889de5642f9d88
uv.lock	318a187f2fd648e38577eea59d97a594f30d47117768790031c11d835eb3f467